Symbol,SL Multiplier,TP RR,Final PnL ($),Sharpe Ratio,Max Drawdown ($),Max Drawdown (%),Total Trades,Win Rate,Initial Capital
Volatility 10 Index,1.0,1.0,1.8077602034598432,0.2318501926521697,32.52457702178052,25.26727920982168,57,59.64912280701754,100
Volatility 10 Index,1.0,1.1,5.750294176010181,0.7443761289408625,26.221864431863462,20.863839081967555,57,57.89473684210527,100
Volatility 10 Index,1.0,1.2000000000000002,17.33228600490912,2.121649921616894,21.481807167502865,16.489056793500193,57,57.89473684210527,100
Volatility 10 Index,1.0,1.3000000000000005,28.914277833791687,3.349432513722172,21.101384226700446,15.644859076429093,57,57.89473684210527,100
Volatility 10 Index,1.0,1.4000000000000004,31.116324248955443,3.3820861992173668,21.63586733080305,15.04276855708124,57,56.14035087719298,100
Volatility 10 Index,1.0,1.5000000000000004,42.30748501893488,4.370601242711167,21.027049316962803,14.525409492327,57,56.14035087719298,100
Volatility 10 Index,1.0,1.6000000000000003,17.83728402872186,1.757633857002151,35.7491750913878,25.136030940150807,57,49.122807017543856,100
Volatility 10 Index,1.0,1.7000000000000006,27.656853961767247,2.614181822054961,34.68885121148381,23.281650320128307,57,49.122807017543856,100
Volatility 10 Index,1.0,1.8000000000000007,37.47642389482082,3.400566431600146,33.62852733157982,21.58854589503236,57,49.122807017543856,100
Volatility 10 Index,1.0,1.9000000000000008,47.29599382786075,4.123236701966742,32.56820345167583,20.03655506063569,57,49.122807017543856,100
Volatility 10 Index,1.0,2.000000000000001,50.43967800585271,4.362045550159603,31.50787957176638,19.37256674463329,56,48.21428571428572,100
Volatility 10 Index,1.0,2.100000000000001,50.89636651498624,4.216926745367827,37.64940484445671,22.27094869972079,56,46.42857142857143,100
Volatility 10 Index,1.0,2.200000000000001,49.59406174936287,3.778171042247561,45.02063940882943,25.65840777692169,56,44.642857142857146,100
Volatility 10 Index,1.0,2.300000000000001,58.43242590881293,4.294690444321441,43.96031552892538,24.17109178072642,56,44.642857142857146,100
Volatility 10 Index,1.0,2.400000000000001,53.95274726664904,4.112620709737531,42.899991649021445,24.51942119444764,56,42.85714285714285,100
Volatility 10 Index,1.0,2.5000000000000013,62.39940428487845,4.600525450447142,41.83966776911743,23.11820019373944,56,42.85714285714285,100
Volatility 10 Index,1.0,2.6000000000000014,70.84606130311059,5.055808098219283,41.24562888916967,22.00165934001528,56,42.85714285714285,100
Volatility 10 Index,1.0,2.700000000000001,66.10605788544981,4.366962729381994,52.90568044520237,27.409726994118305,56,41.07142857142857,100
Volatility 10 Index,1.0,2.8000000000000016,60.93337470817769,4.063239926443732,52.20175279329521,28.099728588908132,56,39.285714285714285,100
Volatility 10 Index,1.0,2.9000000000000017,44.46065466455674,2.887627283201054,58.90653180615624,32.14617830005006,56,35.714285714285715,100
Volatility 10 Index,1.0,3.0000000000000018,51.58101994706921,3.25109745986693,58.20260415424906,30.85843108191644,56,35.714285714285715,100
Volatility 10 Index,1.0,3.100000000000002,42.901103446044,2.7416431496685587,57.49867650234194,32.27049469701573,56,33.92857142857143,100
Volatility 10 Index,1.1,1.0,-2.9948674181688983,-0.3721706622792985,33.49703472396486,26.967864814602358,57,57.89473684210527,100
Volatility 10 Index,1.1,1.1,9.745323593615296,1.144097533258042,26.56405087504737,20.549434839214133,57,57.89473684210527,100
Volatility 10 Index,1.1,1.2000000000000002,22.485514605394037,2.4948389149743986,23.209987884254787,17.278709334698426,57,57.89473684210527,100
Volatility 10 Index,1.1,1.3000000000000005,25.337679826879885,2.6298573987242437,25.80800973541849,18.09728548062373,57,56.14035087719298,100
Volatility 10 Index,1.1,1.4000000000000004,28.874111959532293,2.753616027684081,27.24077206280782,18.799710432731736,57,54.38596491228071,100
Volatility 10 Index,1.1,1.5000000000000004,12.23948550522966,1.1426996064330806,40.154103721835625,28.38193095984342,57,49.122807017543856,100
Volatility 10 Index,1.1,1.6000000000000003,23.041012431584768,2.061459647536154,38.42409260052685,25.89833365345593,57,49.122807017543856,100
Volatility 10 Index,1.1,1.7000000000000006,33.84253935795079,2.903650549781509,37.25773633262728,23.911339306063585,57,49.122807017543856,100
Volatility 10 Index,1.1,1.8000000000000007,38.04093938676981,3.230755927905387,36.09138006473589,23.037424885372,56,48.21428571428572,100
Volatility 10 Index,1.1,1.9000000000000008,39.181941640361785,3.1860986085814145,42.7270578646969,26.09843499620966,56,46.42857142857143,100
Volatility 10 Index,1.1,2.000000000000001,38.46906677350164,2.8648041465641825,50.715415885505,29.69879339857644,56,44.642857142857146,100
Volatility 10 Index,1.1,2.100000000000001,48.19126734890271,3.455784053617496,49.54905961761358,27.86522835238006,56,44.642857142857146,100
Volatility 10 Index,1.1,2.200000000000001,44.12537655320869,3.270767349506032,48.38270334971949,28.28081209029837,56,42.85714285714285,100
Volatility 10 Index,1.1,2.300000000000001,53.41669927326567,3.823393143925363,47.21634708182262,26.57087563384832,56,42.85714285714285,100
Volatility 10 Index,1.1,2.400000000000001,49.37880306622666,3.254528264559775,59.379209741019054,32.21534523261036,56,41.07142857142857,100
Volatility 10 Index,1.1,2.5000000000000013,58.278089935483344,3.719142916801688,58.60488932391976,30.69288436747464,56,41.07142857142857,100
Volatility 10 Index,1.1,2.6000000000000014,28.76951469875021,1.8627766668278944,65.86014623806805,37.4922996318456,56,35.714285714285715,100
Volatility 10 Index,1.1,2.700000000000001,36.60191650950165,2.294661677603632,65.0858258209715,35.84701137054866,56,35.714285714285715,100
Volatility 10 Index,1.1,2.8000000000000016,28.32573835559325,1.795053915930527,64.31150540386955,37.53018694740061,56,33.92857142857143,100
Volatility 10 Index,1.1,2.9000000000000017,35.734230167284665,2.1967461765795573,63.537184986773,35.92961464306326,56,33.92857142857143,100
Volatility 10 Index,1.1,3.0000000000000018,43.14272197896517,2.5745480987475275,62.76286456967373,34.4252351519966,56,33.92857142857143,100
Volatility 10 Index,1.1,3.100000000000002,50.55121379065386,2.9303184546270185,61.988544152574434,33.00862981137275,56,33.92857142857143,100
Volatility 10 Index,1.2000000000000002,1.0,4.790133624236127,0.5451494057858077,31.49985179984777,24.736965257680232,56,58.92857142857143,100
Volatility 10 Index,1.2000000000000002,1.1,18.68852381890012,2.004308390913376,25.5917799394276,19.262636090736237,56,58.92857142857143,100
Volatility 10 Index,1.2000000000000002,1.2000000000000002,22.268974058472324,2.2208787571350674,29.2756869832496,21.014726368527157,56,57.14285714285714,100
Volatility 10 Index,1.2000000000000002,1.3000000000000005,21.777178706519425,1.9111477555112064,36.14262174362068,25.091425364328455,55,54.54545454545454,100
Volatility 10 Index,1.2000000000000002,1.4000000000000004,4.465985792408006,0.3807085415784496,51.75052204809764,36.7811048936797,55,49.09090909090909,100
Volatility 10 Index,1.2000000000000002,1.5000000000000004,15.838044139892206,1.2917791993199292,47.84858764277598,32.70920752017899,55,49.09090909090909,100
Volatility 10 Index,1.2000000000000002,1.6000000000000003,20.82525216250689,1.6723006003687737,44.44529156131759,30.549527298428615,54,48.14814814814815,100
Volatility 10 Index,1.2000000000000002,1.7000000000000006,22.35525984173329,1.7188606519122218,49.4442144629806,32.82373059718633,54,46.2962962962963,100
Volatility 10 Index,1.2000000000000002,1.8000000000000007,32.9424132838145,2.429089197033925,46.95645178100787,29.965701799053,54,46.2962962962963,100
Volatility 10 Index,1.2000000000000002,1.9000000000000008,32.14584806161075,2.177553463645523,55.561933258256815,33.88312893067917,54,44.44444444444444,100
Volatility 10 Index,1.0,1.3000000000000003,28.914277833791687,3.3494325137221717,21.101384226700446,15.644859076429093,57,57.89473684210527,100
Volatility 10 Index,1.0,1.6000000000000005,17.83728402872186,1.757633857002151,35.7491750913878,25.136030940150807,57,49.122807017543856,100
Volatility 10 Index,1.0,2.4000000000000012,53.952747266649034,4.112620709737531,42.899991649021445,24.51942119444764,56,42.857142857142854,100
Volatility 10 Index,1.0,2.7000000000000015,66.10605788544981,4.366962729381994,52.905680445202364,27.409726994118305,56,41.07142857142857,100
Volatility 10 Index,1.1,1.3000000000000003,25.337679826879885,2.6298573987242433,25.808009735418494,18.09728548062373,57,56.14035087719298,100
Volatility 10 Index,1.1,1.6000000000000005,23.041012431584768,2.061459647536154,38.42409260052685,25.89833365345593,57,49.122807017543856,100
Volatility 10 Index,1.1,2.4000000000000012,49.37880306622666,3.254528264559775,59.379209741019054,32.21534523261036,56,41.07142857142857,100
Volatility 10 Index,1.1,2.7000000000000015,36.60191650950165,2.294661677603632,65.0858258209715,35.84701137054866,56,35.714285714285715,100
Volatility 10 Index,1.2000000000000002,1.3000000000000003,21.777178706519422,1.9111477555112062,36.14262174362068,25.091425364328458,55,54.54545454545454,100
Volatility 10 Index,1.2000000000000002,1.6000000000000005,20.82525216250689,1.6723006003687737,44.44529156131759,30.549527298428618,54,48.148148148148145,100
Volatility 10 Index,1.2000000000000002,2.000000000000001,28.239002396721496,1.9590727344045022,54.289544602369844,34.54409739717947,54,42.592592592592595,100
Volatility 10 Index,1.2000000000000002,2.100000000000001,37.9635652464227,2.539917626900461,53.0171559464856,32.33334430314196,54,42.592592592592595,100
Volatility 10 Index,1.2000000000000002,2.200000000000001,34.002512941039285,2.0984390156406696,65.43038244569144,38.31246172227331,54,40.74074074074074,100
Volatility 10 Index,1.2000000000000002,2.300000000000001,43.299400317139416,2.584363547800919,64.58566926340283,36.367575808029194,54,40.74074074074074,100
Volatility 10 Index,1.2000000000000002,2.4000000000000012,13.024550977994853,0.7879363034172436,72.3914040788328,44.67895926550523,54,35.18518518518518,100
Volatility 10 Index,1.2000000000000002,2.5000000000000013,21.157563744829172,1.238191829299187,71.54669089654692,42.573807728323565,54,35.18518518518518,100
Volatility 10 Index,1.2000000000000002,2.6000000000000014,12.642474729997605,0.74459854439202,70.70197771425556,44.9093084511348,54,33.33333333333333,100
Volatility 10 Index,1.2000000000000002,2.7000000000000015,20.313040225118687,1.159775107679784,69.85726453196695,42.85776133943854,54,33.33333333333333,100
Volatility 10 Index,1.2000000000000002,2.8000000000000016,27.983605720237044,1.549977035336852,69.01255134967832,40.94167863349503,54,33.33333333333333,100
Volatility 10 Index,1.2000000000000002,2.9000000000000017,35.65417121535813,1.9171704859564398,68.1678381673897,39.14807199917942,54,33.33333333333333,100
Volatility 10 Index,1.2000000000000002,3.0000000000000018,43.32473671047648,2.263146864403925,67.32312498509836,37.465562108036536,54,33.33333333333333,100
Volatility 10 Index,1.2000000000000002,3.100000000000002,-0.5865837596042205,-0.038882697106922104,84.37708265624607,55.66678363277025,54,27.77777777777778,100
Volatility 10 Index,1.3000000000000003,1.0,7.989311426251714,0.8377557384204781,32.42483944983398,24.852817569447712,56,58.92857142857143,100
Volatility 10 Index,1.3000000000000003,1.1,12.376212895707269,1.2025724276477652,35.7942496451264,26.233426656792748,56,57.14285714285714,100
Volatility 10 Index,1.3000000000000003,1.2000000000000002,12.671191017931063,1.0794460940994473,43.25558318764236,30.371221768171687,55,54.54545454545454,100
Volatility 10 Index,1.3000000000000003,1.3000000000000003,1.3435867607537304,0.11165499741295559,52.92743920985413,38.080416925282975,54,50.0,100
Volatility 10 Index,1.3000000000000003,1.4000000000000004,13.663316637198129,1.0841691425526148,48.437900190015185,33.396185923960275,54,50.0,100
Volatility 10 Index,1.3000000000000003,1.5000000000000004,19.48905790244245,1.518722117642104,44.41080458425006,30.713324796642,53,49.056603773584904,100
Volatility 10 Index,1.3000000000000003,1.6000000000000005,31.33585520481138,2.337062559259406,40.723900496004376,27.117354886369156,53,49.056603773584904,100
Volatility 10 Index,1.3000000000000003,1.7000000000000006,21.511509353968187,1.4617229151831015,56.64042628370228,36.36502989390984,53,45.28301886792453,100
Volatility 10 Index,1.3000000000000003,1.8000000000000007,32.55567172473294,2.123046189150828,54.545350044899195,33.47866290250373,53,45.28301886792453,100
Volatility 10 Index,1.3000000000000003,1.9000000000000008,28.832474871357782,1.9193818850904498,53.16692900102208,34.07142344369155,53,43.39622641509434,100
Volatility 10 Index,1.3000000000000003,2.000000000000001,39.36741795853977,2.524001070494949,51.788507957145,31.689763035733264,53,43.39622641509434,100
Volatility 10 Index,1.3000000000000003,2.100000000000001,35.53959305742793,2.1494689726920386,64.77285490155356,37.92290470188773,53,41.509433962264154,100
Volatility 10 Index,1.3000000000000003,2.200000000000001,5.263567926777988,0.3225385338642346,73.12906761827344,47.00272119171383,53,35.84905660377358,100
Volatility 10 Index,1.3000000000000003,2.300000000000001,14.074331757512676,0.8318380386879253,72.21396167079276,44.5449971459058,53,35.84905660377358,100
Volatility 10 Index,1.3000000000000003,2.4000000000000012,5.851621080158303,0.34701172439547956,71.29885572331204,47.02747899374059,53,33.9622641509434,100
Volatility 10 Index,1.3000000000000003,2.5000000000000013,14.161400366534702,0.8119920025790921,70.3837497758341,44.648420493169326,53,33.9622641509434,100
Volatility 10 Index,1.3000000000000003,2.6000000000000014,22.471179652913833,1.2468431230326718,69.46864382835338,42.44463188428832,53,33.9622641509434,100
Volatility 10 Index,1.3000000000000003,2.7000000000000015,30.78095893929023,1.6541016461628069,68.55353788087268,40.39743257163897,53,33.9622641509434,100
Volatility 10 Index,1.3000000000000003,2.8000000000000016,39.090738225672084,2.036065666274295,67.6384319333947,38.49070556587241,53,33.9622641509434,100
Volatility 10 Index,1.3000000000000003,2.9000000000000017,-5.753986927685949,-0.38125185344111345,87.49829486154849,58.575861050469655,53,28.30188679245283,100
Volatility 10 Index,1.3000000000000003,3.0000000000000018,1.1928563474140894,0.07693842161561863,85.61581785519466,55.93077138997455,53,28.30188679245283,100
Volatility 10 Index,1.3000000000000003,3.100000000000002,-12.290064471572625,-0.7844266891286189,104.16310494293576,66.44189970212445,53,26.41509433962264,100
Volatility 10 Index,1.4000000000000004,1.0,6.259588958648249,0.5601847200458585,38.95646240576333,29.01277923980978,55,58.18181818181818,100
Volatility 10 Index,1.4000000000000004,1.1,7.478790126854271,0.5894556715428161,45.41247722480624,32.429773594663196,54,55.55555555555556,100
Volatility 10 Index,1.4000000000000004,1.2000000000000002,-3.3089644998042598,-0.2520444721617339,54.58652484409741,39.98890145173032,53,50.943396226415096,100
Volatility 10 Index,1.4000000000000004,1.3000000000000003,9.960847028136609,0.7243222660789993,49.592565555592415,34.71297207185336,53,50.943396226415096,100
Volatility 10 Index,1.4000000000000004,1.4000000000000004,16.700290516091464,1.187867445025317,44.755267257846214,31.329945885258965,52,50.0,100
Volatility 10 Index,1.4000000000000004,1.5000000000000004,29.460790041181838,2.0057569289414374,41.43696663140547,27.680821765033286,52,50.0,100
Volatility 10 Index,1.4000000000000004,1.6000000000000005,19.747511481455888,1.2293047074742856,60.87928383516538,38.48446070404947,52,46.15384615384615,100
Volatility 10 Index,1.4000000000000004,1.7000000000000006,16.83710498810052,1.0581425250226437,59.394830403298144,39.10600568119452,52,44.230769230769226,100
Volatility 10 Index,1.4000000000000004,1.8000000000000007,28.184838435277754,1.7049545036516156,57.910376971430935,36.23259649928069,52,44.230769230769226,100
Volatility 10 Index,1.4000000000000004,1.9000000000000008,39.532571882465895,2.303945404963421,56.42592353956371,33.631423503915954,52,44.230769230769226,100
Volatility 10 Index,1.4000000000000004,2.000000000000001,36.22126199715585,2.105754319254757,54.94147010769649,34.11110394312853,52,42.30769230769231,100
Volatility 10 Index,1.4000000000000004,2.100000000000001,20.134573741501107,1.134695362095542,63.34920600650641,39.54193339556248,52,38.46153846153847,100
Volatility 10 Index,1.4000000000000004,2.200000000000001,-20.35565377436633,-1.3462943422585818,85.56700021983126,60.917216547662875,52,32.69230769230769,100
Volatility 10 Index,1.4000000000000004,2.300000000000001,-11.943277389626202,-0.7645586842930536,83.05671800685833,57.32174319836608,52,32.69230769230769,100
Volatility 10 Index,1.4000000000000004,2.4000000000000012,-3.530901004891529,-0.21891862127576697,80.5464357938854,53.93966058697004,52,32.69230769230769,100
Volatility 10 Index,1.4000000000000004,2.5000000000000013,4.881475379845881,0.2933181092243163,78.03615358091794,50.75251914627912,52,32.69230769230769,100
Volatility 10 Index,1.4000000000000004,2.6000000000000014,13.293851764577823,0.7746589895005421,75.52587136794776,47.743936574650924,52,32.69230769230769,100
Volatility 10 Index,1.4000000000000004,2.7000000000000015,-32.601529838425634,-2.1555219521411977,110.74138026527362,75.8301351061649,52,26.923076923076923,100
Volatility 10 Index,1.4000000000000004,2.8000000000000016,-25.65693069659956,-1.6535292215978088,109.25071402825597,72.82320091364339,52,26.923076923076923,100
Volatility 10 Index,1.4000000000000004,2.9000000000000017,-18.712331554776213,-1.175907038569014,107.76004779123832,69.97180623043724,52,26.923076923076923,100
Volatility 10 Index,1.4000000000000004,3.0000000000000018,-11.76773241294468,-0.7213175578160907,106.26938155422069,67.2641869426865,52,26.923076923076923,100
Volatility 10 Index,1.4000000000000004,3.100000000000002,-4.823133271121334,-0.2884737583087476,104.77871531720302,64.68973612213577,52,26.923076923076923,100
Volatility 10 Index,1.5000000000000004,1.0,9.06384531283585,0.7563319030815643,40.924781149028064,29.644868562065422,55,58.18181818181818,100
Volatility 10 Index,1.5000000000000004,1.1,-15.491545744019083,-1.1546805514593947,62.91044492032745,47.149285697484416,53,50.943396226415096,100
Volatility 10 Index,1.5000000000000004,1.2000000000000002,-1.2738905355115886,-0.09054466173991688,57.15699090439887,40.87307564538408,53,50.943396226415096,100
Volatility 10 Index,1.5000000000000004,1.3000000000000003,6.449776061801288,0.44766717315418475,51.892034523857006,37.000537054908335,52,50.0,100
Volatility 10 Index,1.5000000000000004,1.4000000000000004,20.12173983867507,1.3352396104124757,46.70921491911979,31.843505508866638,52,50.0,100
Volatility 10 Index,1.5000000000000004,1.5000000000000004,21.52676539973055,1.3042964175998126,55.16086885411623,35.70557297539948,52,48.07692307692308,100
Volatility 10 Index,1.5000000000000004,1.6000000000000005,19.431473140236278,1.1840900665215073,53.134943334121814,35.82581070784007,52,46.15384615384615,100
Volatility 10 Index,1.5000000000000004,1.7000000000000006,32.02519867665143,1.8778709241190805,51.10901781413014,32.58874053183524,52,46.15384615384615,100
Volatility 10 Index,1.5000000000000004,1.8000000000000007,44.618924213061106,2.519791958014199,49.083092294135724,29.685099637171632,52,46.15384615384615,100
Volatility 10 Index,1.5000000000000004,1.9000000000000008,30.204775757732754,1.6441661916371415,57.57022677128957,34.71920689627541,52,42.30769230769231,100
Volatility 10 Index,1.5000000000000004,2.000000000000001,41.86719529442216,2.1962164243952915,55.54430125129787,31.94454646979844,52,42.30769230769231,100
Volatility 10 Index,1.5000000000000004,2.100000000000001,1.133967794753353,0.06740185626635922,79.58417190233831,51.144006965339806,52,36.53846153846153,100
Volatility 10 Index,1.5000000000000004,2.200000000000001,11.106205168986726,0.6390164661601416,76.45914411687411,47.525772091463985,52,36.53846153846153,100
Volatility 10 Index,1.5000000000000004,2.300000000000001,21.078442543211914,1.1747308286818803,73.3341163314126,44.13712252174748,52,36.53846153846153,100
Volatility 10 Index,1.5000000000000004,2.4000000000000012,31.050679917445287,1.6772797304439306,70.20908854594563,40.95687863260009,52,36.53846153846153,100
Volatility 10 Index,1.5000000000000004,2.5000000000000013,-14.018729317534229,-0.8191520336304412,105.31965985876468,65.87120877627962,52,30.76923076923077,100
Volatility 10 Index,1.5000000000000004,2.6000000000000014,-5.6191104178526015,-0.3198914083531028,103.28707776182182,62.72048046044086,52,30.76923076923077,100
Volatility 10 Index,1.5000000000000004,2.7000000000000015,2.780508481837213,0.15427570384125724,101.25449566487896,59.74790337332821,52,30.76923076923077,100
Volatility 10 Index,1.5000000000000004,2.8000000000000016,11.180127381518844,0.6048143708988243,99.22191356793883,56.938783171872245,52,30.76923076923077,100
Volatility 10 Index,1.5000000000000004,2.9000000000000017,19.579746281195014,1.0331211910307871,97.1893314709987,54.279998303622804,52,30.76923076923077,100
Volatility 10 Index,1.5000000000000004,3.0000000000000018,27.979365180871177,1.440520974601998,95.15674937405856,51.75979506362016,52,30.76923076923077,100
Volatility 10 Index,1.5000000000000004,3.100000000000002,36.378984080558254,1.8282655392369191,93.1241672771157,49.367613883549836,52,30.76923076923077,100
Volatility 10 Index,1.6000000000000005,1.0,-7.162657720384939,-0.5163152348592064,62.11415878927858,43.73709519129271,53,54.71698113207547,100
Volatility 10 Index,1.6000000000000005,1.1,9.123199000129004,0.6254526726290527,55.48277450181435,37.116552382123075,53,54.71698113207547,100
Volatility 10 Index,1.6000000000000005,1.2000000000000002,19.024205395778896,1.265899622735614,48.85139021434735,32.44577710206905,52,53.84615384615385,100
Volatility 10 Index,1.6000000000000005,1.3000000000000003,34.72799125590046,2.2036907742213128,42.82107007129474,27.09377778498917,52,53.84615384615385,100
Volatility 10 Index,1.6000000000000005,1.4000000000000004,50.43177711601383,3.0553229386873757,37.76076055217946,22.81070087468551,52,53.84615384615385,100
Volatility 10 Index,1.6000000000000005,1.5000000000000004,50.467277327170265,3.0437670830815975,37.76076055217946,23.99588986980583,52,51.92307692307693,100
Volatility 10 Index,1.6000000000000005,1.6000000000000005,65.5443317613388,3.791504054873076,37.76076055217946,22.992778998178835,52,51.92307692307693,100
Volatility 10 Index,1.6000000000000005,1.7000000000000006,80.62138619549643,4.477605087047702,37.76076055217945,22.070169857896428,52,51.92307692307693,100
Volatility 10 Index,1.6000000000000005,1.8000000000000007,67.88343477148992,3.5901321480528456,37.76076055217942,21.21874564848818,52,48.07692307692308,100
Volatility 10 Index,1.6000000000000005,1.9000000000000008,64.0858016330547,3.3066595897245517,37.76076055217948,22.618890078266617,52,46.15384615384615,100
Volatility 10 Index,1.6000000000000005,2.000000000000001,41.96492830825883,2.3426604183912003,56.87207346197741,32.83754799634743,52,42.30769230769231,100
Volatility 10 Index,1.6000000000000005,2.100000000000001,54.245728702768076,2.9234736639275365,53.50881283382205,29.819735431444837,52,42.30769230769231,100
Volatility 10 Index,1.6000000000000005,2.200000000000001,66.5265290972664,3.4640719743374677,50.145552205674875,27.00503059386772,52,42.30769230769231,100
Volatility 10 Index,1.6000000000000005,2.300000000000001,59.90904234950523,3.281734686861074,65.68057871978726,34.21961308966006,52,40.38461538461539,100
Volatility 10 Index,1.6000000000000005,2.4000000000000012,34.05449987597495,1.953609412746694,83.03839458644417,45.93520875198539,52,36.53846153846153,100
Volatility 10 Index,1.6000000000000005,2.5000000000000013,44.657840564289295,2.4898182162005984,80.84040935937902,43.343875459318895,52,36.53846153846153,100
Volatility 10 Index,1.6000000000000005,2.6000000000000014,55.26118125260637,2.995661880683925,78.64242413231932,40.90719101250951,52,36.53846153846153,100
Volatility 10 Index,1.6000000000000005,2.7000000000000015,65.86452194092617,3.473184933520376,76.44443890525963,38.61171254922402,52,36.53846153846153,100
Volatility 10 Index,1.6000000000000005,2.8000000000000016,76.46786262924324,3.9243081891354716,74.24645367819446,36.44551136347272,52,36.53846153846153,100
Volatility 10 Index,1.6000000000000005,2.9000000000000017,87.07120331756032,4.350828393017948,72.04846845113204,34.39796555785134,52,36.53846153846153,100
Volatility 10 Index,1.6000000000000005,3.0000000000000018,97.67454400588284,4.754420596887323,69.85048322407502,32.459585860358104,52,36.53846153846153,100
Volatility 10 Index,1.6000000000000005,3.100000000000002,108.27788469419446,5.136642392172106,67.65249799700985,30.62186857785901,52,36.53846153846153,100
Volatility 10 Index,1.7000000000000006,1.0,-5.6228238279188965,-0.3814473029921082,64.83379371360901,44.62657648284406,53,54.71698113207547,100
Volatility 10 Index,1.7000000000000006,1.1,11.680898937646104,0.7535094010549175,57.787947908169045,37.71745971617394,53,54.71698113207547,100
Volatility 10 Index,1.7000000000000006,1.2000000000000002,22.16321823300843,1.3875869623442514,50.809013756827355,32.90946436277118,52,53.84615384615385,100
Volatility 10 Index,1.7000000000000006,1.3000000000000003,38.848490709395094,2.319137780208562,44.40988695075288,27.35431154977813,52,53.84615384615385,100
Volatility 10 Index,1.7000000000000006,1.4000000000000004,39.5521118238401,2.342660644715391,39.895808086692895,25.85109865712596,52,51.92307692307693,100
Volatility 10 Index,1.7000000000000006,1.5000000000000004,55.57148216012847,3.153503273434891,39.895808086692895,24.6843848645836,52,51.92307692307693,100
Volatility 10 Index,1.7000000000000006,1.6000000000000005,71.5908524964223,3.896148673455282,39.89580808669291,23.618435786153047,52,51.92307692307693,100
Volatility 10 Index,1.7000000000000006,1.7000000000000006,59.112259241428355,3.0634358513527884,40.02980538125195,22.640737791402938,52,48.07692307692308,100
Volatility 10 Index,1.7000000000000006,1.8000000000000007,37.40549594188342,2.1721672475576224,51.17778681879011,30.986199590929527,52,44.230769230769226,100
Volatility 10 Index,1.7000000000000006,1.9000000000000008,33.489385908377535,1.8234552553519132,63.51918332810149,36.972224303750124,52,42.30769230769231,100
Volatility 10 Index,1.7000000000000006,2.000000000000001,46.5377363275291,2.4441563804631175,59.48907805334875,33.338099835588494,52,42.30769230769231,100
Volatility 10 Index,1.7000000000000006,2.100000000000001,59.58608674669705,3.021022463985389,55.91561363593607,30.211428941521497,52,42.30769230769231,100
Volatility 10 Index,1.7000000000000006,2.200000000000001,15.600807155552328,0.893155115497725,91.96151285559789,52.75865925899098,52,36.53846153846153,100
Volatility 10 Index,1.7000000000000006,2.300000000000001,26.866856636890414,1.4934747204891323,89.62615355184425,49.68160297843478,52,36.53846153846153,100
Volatility 10 Index,1.7000000000000006,2.4000000000000012,38.132906118225776,2.0590387099485814,87.29079424809062,46.805675883947536,52,36.53846153846153,100
Volatility 10 Index,1.7000000000000006,2.5000000000000013,49.39895559956112,2.592138802580309,84.95543494433696,44.11178210895263,52,36.53846153846153,100
Volatility 10 Index,1.7000000000000006,2.6000000000000014,60.6650050808992,3.094952057980125,82.62007564058604,41.583168995421154,52,36.53846153846153,100
Volatility 10 Index,1.7000000000000006,2.7000000000000015,71.93105456223728,3.5695322077440905,80.2847163368351,39.20507837938962,52,36.53846153846153,100
Volatility 10 Index,1.7000000000000006,2.8000000000000016,83.19710404356991,4.01780619523267,77.94935703308144,36.96445835103,52,36.53846153846153,100
Volatility 10 Index,1.7000000000000006,2.9000000000000017,94.46315352491071,4.441574459895435,75.61399772932776,34.84972359746737,52,36.53846153846153,100
Volatility 10 Index,1.7000000000000006,3.0000000000000018,105.72920300624881,4.842513838892942,73.27863842557409,32.85055503601934,52,36.53846153846153,100
Volatility 10 Index,1.7000000000000006,3.100000000000002,91.1856593647324,4.184380324433555,70.94327912182052,34.88690760590952,52,34.61538461538461,100
Volatility 10 Index,1.8000000000000007,1.0,-4.082989935441935,-0.26157654784253126,67.5534286379367,45.47697334072875,53,54.71698113207547,100
Volatility 10 Index,1.8000000000000007,1.1,7.6354719776189235,0.4739268292085451,60.093121314537356,39.971543036849525,52,53.84615384615385,100
Volatility 10 Index,1.8000000000000007,1.2000000000000002,25.302231070248872,1.495666259896616,52.77424986016598,33.35392607071343,52,53.84615384615385,100
Volatility 10 Index,1.8000000000000007,1.3000000000000003,42.96899016288699,2.4216389884726297,45.99870383020556,27.601391410673344,52,53.84615384615385,100
Volatility 10 Index,1.8000000000000007,1.4000000000000004,43.71400075464299,2.444864507148226,42.0308556212036,26.574830851175733,52,51.92307692307693,100
Volatility 10 Index,1.8000000000000007,1.5000000000000004,60.675686993078486,3.250949695110013,42.0308556212036,25.337516119973337,52,51.92307692307693,100
Volatility 10 Index,1.8000000000000007,1.6000000000000005,48.58062604039132,2.4789624910573695,46.18356911893717,26.602307824599862,52,48.07692307692308,100
Volatility 10 Index,1.8000000000000007,1.7000000000000006,26.983699696022818,1.5369004138613738,58.6659434291287,36.07952580701449,52,44.230769230769226,100
Volatility 10 Index,1.8000000000000007,1.8000000000000007,23.478743459176084,1.2524132432555755,71.09179122859317,41.90952542425493,52,42.30769230769231,100
Volatility 10 Index,1.8000000000000007,1.9000000000000008,37.294643902986365,1.9172606019833414,66.19678234740333,37.47099245292218,52,42.30769230769231,100
Volatility 10 Index,1.8000000000000007,2.000000000000001,51.11054434680483,2.534280938928765,62.10608264471466,33.810042216602504,52,42.30769230769231,100
Volatility 10 Index,1.8000000000000007,2.100000000000001,6.4250375374102155,0.3580338724222831,98.96139405107441,57.2499016726844,52,36.53846153846153,100
Volatility 10 Index,1.8000000000000007,2.200000000000001,18.353795811761128,0.992586682599563,96.48866067062954,53.8104139548673,52,36.53846153846153,100
Volatility 10 Index,1.8000000000000007,2.300000000000001,30.282554086114764,1.5900187361236147,94.01592729018466,50.60990594359792,52,36.53846153846153,100
Volatility 10 Index,1.8000000000000007,2.4000000000000012,42.21131236047932,2.152741150919616,91.54319390974253,47.62430697574244,52,36.53846153846153,100
Volatility 10 Index,1.8000000000000007,2.5000000000000013,54.14007063483022,2.683060986335935,89.07046052929763,44.83267399504827,52,36.53846153846153,100
Volatility 10 Index,1.8000000000000007,2.6000000000000014,66.0688289091893,3.18316645506653,86.59772714885275,42.216699554391774,52,36.53846153846153,100
Volatility 10 Index,1.8000000000000007,2.7000000000000015,77.99758718354839,3.655119071503922,84.12499376840512,39.760309859430095,52,36.53846153846153,100
Volatility 10 Index,1.8000000000000007,2.8000000000000016,89.92634545791022,4.1008508754315685,81.6522603879657,37.4493341976277,52,36.53846153846153,100
Volatility 10 Index,1.8000000000000007,2.9000000000000017,75.86036288256015,3.452434208992315,79.17952700752086,39.890373377142666,52,34.61538461538461,100
Volatility 10 Index,1.8000000000000007,3.0000000000000018,61.992800770255386,3.002946569964387,76.706793627076,42.817049309710356,52,32.69230769230769,100
Volatility 10 Index,1.8000000000000007,3.100000000000002,72.62678251370905,3.4344244655182927,74.23406024663112,40.2769684505779,52,32.69230769230769,100
Volatility 10 Index,1.9000000000000008,1.0,-2.5431560429704287,-0.15433839929379645,70.27306356226167,46.29080648021343,53,54.71698113207547,100
Volatility 10 Index,1.9000000000000008,1.1,9.792998198607908,0.5757595150706177,62.398294720889325,40.605452061913645,52,53.84615384615385,100
Volatility 10 Index,1.9000000000000008,1.2000000000000002,28.441243907494773,1.5922952641175525,54.739485963496406,33.77735371566997,52,53.84615384615385,100
Volatility 10 Index,1.9000000000000008,1.3000000000000003,29.971887544904178,1.6591512131671582,47.58752070965549,30.93333836345447,52,51.92307692307693,100
Volatility 10 Index,1.9000000000000008,1.4000000000000004,47.875889685467705,2.5362493999482263,44.16590315570885,27.26433021572094,52,51.92307692307693,100
Volatility 10 Index,1.9000000000000008,1.5000000000000004,36.288535168386986,1.8313986083392657,54.32496600348445,31.92879822301009,52,48.07692307692308,100
Volatility 10 Index,1.9000000000000008,1.6000000000000005,33.975470357125054,1.6613089463271589,47.74932295887177,29.982132098007604,52,46.15384615384615,100
Volatility 10 Index,1.9000000000000008,1.7000000000000006,11.933000960662692,0.6261161600092219,79.20828900476955,47.52127605836224,52,42.30769230769231,100
Volatility 10 Index,1.9000000000000008,1.8000000000000007,26.516451429128946,1.3397210951117038,74.04133518573602,42.52804914151883,52,42.30769230769231,100
Volatility 10 Index,1.9000000000000008,1.9000000000000008,41.09990189760611,2.00112567486976,68.87438136669427,37.94305838738835,52,42.30769230769231,100
Volatility 10 Index,1.9000000000000008,2.000000000000001,-4.076149666768469,-0.22188287392530087,106.23602339992522,62.23763743443757,52,36.53846153846153,100
Volatility 10 Index,1.9000000000000008,2.100000000000001,8.515317400603461,0.44965014445125207,103.62591594278909,58.378716270570806,52,36.53846153846153,100
Volatility 10 Index,1.9000000000000008,2.200000000000001,21.106784467986298,1.0815741080083532,101.015808485653,54.80503567102586,52,36.53846153846153,100
Volatility 10 Index,1.9000000000000008,2.300000000000001,33.698251535347296,1.6764035891275932,98.40570102852234,51.486096571649966,52,36.53846153846153,100
Volatility 10 Index,1.9000000000000008,2.4000000000000012,46.2897186027274,2.236567602576832,95.79559357138623,48.395598378717295,52,36.53846153846153,100
Volatility 10 Index,1.9000000000000008,2.5000000000000013,58.88118567010749,2.764386533855702,93.18548611425012,45.510740558089566,52,36.53846153846153,100
Volatility 10 Index,1.9000000000000008,2.6000000000000014,71.47265273748486,3.262058215413333,90.575378657114,42.81165915116383,52,36.53846153846153,100
Volatility 10 Index,1.9000000000000008,2.7000000000000015,58.032349409785425,2.631859418781486,87.96527119997792,45.73248294616369,52,34.61538461538461,100
Volatility 10 Index,1.9000000000000008,2.8000000000000016,44.72066157689075,2.156066549022192,85.35516374284181,49.26521278071831,52,32.69230769230769,100
Volatility 10 Index,1.9000000000000008,2.9000000000000017,55.945420083865216,2.6312218682418322,82.74505628570573,46.30339974255243,52,32.69230769230769,100
Volatility 10 Index,1.9000000000000008,3.0000000000000018,47.602569833657405,2.088890541384116,99.70255758574096,54.14281569184551,51,31.372549019607842,100
Volatility 10 Index,1.9000000000000008,3.100000000000002,58.14767215013159,2.4920819037261746,97.77210631911058,51.56952839339032,51,31.372549019607842,100
Volatility 10 Index,2.000000000000001,1.0,-7.679207905565988,-0.4508402746287562,72.99269848659753,49.187945285557795,52,53.84615384615385,100
Volatility 10 Index,2.000000000000001,1.1,11.950524419577793,0.6673739937167878,64.70346812726312,41.21247048624537,52,53.84615384615385,100
Volatility 10 Index,2.000000000000001,1.2000000000000002,14.345142530868376,0.7890203674826515,56.704722066848646,38.144071787148256,52,51.92307692307693,100
Volatility 10 Index,2.000000000000001,1.3000000000000003,33.19146057357357,1.7453637258329184,49.176337589119086,31.27450217241018,52,51.92307692307693,100
Volatility 10 Index,2.000000000000001,1.4000000000000004,52.03777861627604,2.618444393982559,46.30095069022228,27.921969475649846,52,51.92307692307693,100
Volatility 10 Index,2.000000000000001,1.5000000000000004,39.84056333513472,1.909387304442663,56.23680631946448,32.245077458288705,52,48.07692307692308,100
Volatility 10 Index,2.000000000000001,1.6000000000000005,-1.1478415871844838,-0.05945861028730775,87.86867665664978,53.92483179852201,52,42.30769230769231,100
Volatility 10 Index,2.000000000000001,1.7000000000000006,14.203158905943209,0.7078731486162971,82.42977789976706,48.273003134899895,52,42.30769230769231,100
Volatility 10 Index,2.000000000000001,1.8000000000000007,29.554159399076347,1.4182548236074994,76.99087914288158,43.11561750345654,52,42.30769230769231,100
Volatility 10 Index,2.000000000000001,1.9000000000000008,23.423408690778892,1.1723979631555095,93.03373158743217,49.91633259098332,52,40.38461538461539,100
Volatility 10 Index,2.000000000000001,2.000000000000001,38.033659142468245,1.8401017643640676,89.56259307032634,46.12105404576471,52,40.38461538461539,100
Volatility 10 Index,2.000000000000001,2.100000000000001,52.6439095941767,2.463362666755397,86.09926732656368,42.62315238049087,52,40.38461538461539,100
Volatility 10 Index,2.000000000000001,2.200000000000001,67.25416004586877,3.0456171103661434,82.63594158280642,39.38569152264809,52,40.38461538461539,100
Volatility 10 Index,2.000000000000001,2.300000000000001,81.86441049757177,3.5900787878769522,79.17261583904374,36.38062828092339,52,40.38461538461539,100
Volatility 10 Index,2.000000000000001,2.4000000000000012,96.47466094927748,4.099731017374015,75.70929009528376,33.583806066387666,52,40.38461538461539,100
Volatility 10 Index,2.000000000000001,2.5000000000000013,111.08491140096137,4.577328171540668,72.24596435152111,30.97430411873214,52,40.38461538461539,100
Volatility 10 Index,2.000000000000001,2.6000000000000014,99.03388918630188,4.001922302253417,68.78263860776124,32.082280968348435,52,38.46153846153847,100
Volatility 10 Index,2.000000000000001,2.7000000000000015,87.07571047810484,3.6486812078318867,65.31931286399868,33.38802217579669,52,36.53846153846153,100
Volatility 10 Index,2.000000000000001,2.8000000000000016,100.24732033990199,4.086949508954357,61.85598712024142,30.6203753221229,52,36.53846153846153,100
Volatility 10 Index,2.000000000000001,2.9000000000000017,93.50529592100281,3.563869494957322,78.30629565717786,37.57833130264865,51,35.294117647058826,100
Volatility 10 Index,2.000000000000001,3.0000000000000018,105.96147821385821,3.935164058941988,75.55839748236787,35.18373196985421,51,35.294117647058826,100
Volatility 10 Index,2.000000000000001,3.100000000000002,118.41766050671086,4.287225819474113,72.81049930755512,32.927144821224886,51,35.294117647058826,100
Volatility 10 Index,2.100000000000001,1.0,-6.503168300844834,-0.3636032761348495,75.71233341092247,50.04276055067115,52,53.84615384615385,100
Volatility 10 Index,2.100000000000001,1.1,14.108050640561316,0.7502323006211019,67.008641533626,41.794273832128916,52,53.84615384615385,100
Volatility 10 Index,2.100000000000001,1.2000000000000002,16.6223996574152,0.8707490501534757,58.669958170192714,38.69225684610148,52,51.92307692307693,100
Volatility 10 Index,2.100000000000001,1.3000000000000003,36.41103360225116,1.8233387256705471,50.765154468574494,31.601215854019866,52,51.92307692307693,100
Volatility 10 Index,2.100000000000001,1.4000000000000004,24.90778595666034,1.1885734420231866,65.41646263211808,38.55879913584091,52,48.07692307692308,100
Volatility 10 Index,2.100000000000001,1.5000000000000004,-15.763784184324498,-0.8088655303375917,97.07295418421201,61.27087395382962,52,42.30769230769231,100
Volatility 10 Index,2.100000000000001,1.6000000000000005,0.35476633346461384,0.017500889897228932,91.36211048948009,54.82803774013584,52,42.30769230769231,100
Volatility 10 Index,2.100000000000001,1.7000000000000006,16.473316851251003,0.7818192472662252,85.65126679475637,48.98966351815936,52,42.30769230769231,100
Volatility 10 Index,2.100000000000001,1.8000000000000007,10.813816151033102,0.5336257792517641,101.71847431803144,55.57267640404733,52,40.38461538461539,100
Volatility 10 Index,2.100000000000001,1.9000000000000008,26.15457912531456,1.2467623048955054,96.92721475479085,50.68399522034221,52,40.38461538461539,100
Volatility 10 Index,2.100000000000001,2.000000000000001,41.49534209960421,1.911867308327995,93.2907227238402,46.77638924599853,52,40.38461538461539,100
Volatility 10 Index,2.100000000000001,2.100000000000001,56.83610507389384,2.532598184357652,89.65423069288951,43.17747032263844,52,40.38461538461539,100
Volatility 10 Index,2.100000000000001,2.200000000000001,72.17686804816438,3.112404428096138,86.01773866194429,39.85205053294323,52,40.38461538461539,100
Volatility 10 Index,2.100000000000001,2.300000000000001,87.51763102245401,3.654508099694648,82.38124663099359,36.770094378716564,52,40.38461538461539,100
Volatility 10 Index,2.100000000000001,2.4000000000000012,102.85839399674094,4.161897307108838,78.74475460004837,33.905809024946045,52,40.38461538461539,100
Volatility 10 Index,2.100000000000001,2.5000000000000013,90.98244112410953,3.602459574761074,75.1082625690951,35.22400021696733,52,38.46153846153847,100
Volatility 10 Index,2.100000000000001,2.6000000000000014,79.15930564713085,3.248305328482163,71.47177053814721,36.79030966584393,52,36.53846153846153,100
Volatility 10 Index,2.100000000000001,2.7000000000000015,92.98949600200899,3.7105982493572256,67.83527850720199,33.75581186446446,52,36.53846153846153,100
Volatility 10 Index,2.100000000000001,2.8000000000000016,86.63156930956518,3.228792062484024,84.38690352358695,40.63906820135214,51,35.294117647058826,100
Volatility 10 Index,2.100000000000001,2.9000000000000017,99.71056071706278,3.6191300126257437,81.50161044003863,38.02434742027722,51,35.294117647058826,100
Volatility 10 Index,2.100000000000001,3.0000000000000018,112.78955212455222,3.988884572645515,78.6163173564849,35.56792812698193,51,35.294117647058826,100
Volatility 10 Index,2.100000000000001,3.100000000000002,125.86854353204163,4.339464947816039,75.73102427293657,33.25585678240604,51,35.294117647058826,100
Volatility 10 Index,2.200000000000001,1.0,-5.327128696129137,-0.2842995317794661,78.43196833525835,50.86542469299634,52,53.84615384615385,100
Volatility 10 Index,2.200000000000001,1.1,-1.831293063015604,-0.0958740811980691,69.31381493999706,47.61779675357991,52,51.92307692307693,100
Volatility 10 Index,2.200000000000001,1.2000000000000002,18.89965678396476,0.9450427717111329,60.63519427353678,39.21935936483864,52,51.92307692307693,100
Volatility 10 Index,2.200000000000001,1.3000000000000003,8.214550907202288,0.39170207434041066,75.28829189683532,45.89487630259963,52,48.07692307692308,100
Volatility 10 Index,2.200000000000001,1.4000000000000004,-31.914826830781927,-1.627098203987696,106.82112158745895,69.75515711844224,52,42.30769230769231,100
Volatility 10 Index,2.200000000000001,1.5000000000000004,-15.02872628833684,-0.7361059686174942,100.83833295488604,62.35009153388471,52,42.30769230769231,100
Volatility 10 Index,2.200000000000001,1.6000000000000005,1.8573742540973406,0.08745559090508469,94.85554432232131,55.69213619489084,52,42.30769230769231,100
Volatility 10 Index,2.200000000000001,1.7000000000000006,-3.256801433888736,-0.15890757272442627,110.87303192017953,61.970270767758706,52,40.38461538461539,100
Volatility 10 Index,2.200000000000001,1.8000000000000007,12.814474062973936,0.6036429325862236,105.70506833318086,56.374452668972886,52,40.38461538461539,100
Volatility 10 Index,2.200000000000001,1.9000000000000008,28.885749559855686,1.3143585079260178,100.82851069549544,51.41759915361044,52,40.38461538461539,100
Volatility 10 Index,2.200000000000001,2.000000000000001,44.95702505671833,1.9770902594069868,97.01885237736224,47.39811066344009,52,40.38461538461539,100
Volatility 10 Index,2.200000000000001,2.100000000000001,61.0283005535837,2.5955125576075946,93.20919405922355,43.70247124699158,52,40.38461538461539,100
Volatility 10 Index,2.200000000000001,2.200000000000001,77.09957605045726,3.1730864150555735,89.39953574108492,40.29305789672986,52,40.38461538461539,100
Volatility 10 Index,2.200000000000001,2.300000000000001,93.1708515473281,3.7130411955745033,85.58987742294619,37.13785811821599,52,40.38461538461539,100
Volatility 10 Index,2.200000000000001,2.4000000000000012,55.436968981970274,2.2998458756814952,81.78021910481313,44.14535429284319,52,36.53846153846153,100
Volatility 10 Index,2.200000000000001,2.5000000000000013,69.92573982995395,2.8180083689025217,77.97056078667448,40.5544000595156,52,36.53846153846153,100
Volatility 10 Index,2.200000000000001,2.6000000000000014,64.81042394670054,2.4348984684666544,93.76498919977293,47.05396922253423,51,35.294117647058826,100
Volatility 10 Index,2.200000000000001,2.7000000000000015,78.51222446884037,2.8695325155330105,90.74230120747812,43.9897279362112,51,35.294117647058826,100
Volatility 10 Index,2.200000000000001,2.8000000000000016,92.21402499096928,3.2804667343295293,87.71961321518879,41.12689122265768,51,35.294117647058826,100
Volatility 10 Index,2.200000000000001,2.9000000000000017,105.91582551310364,3.6693479321294284,84.69692522289671,38.44623418843969,51,35.294117647058826,100
Volatility 10 Index,2.200000000000001,3.0000000000000018,119.6176260352353,4.037700113657955,81.67423723060736,35.9309032820409,51,35.294117647058826,100
Volatility 10 Index,2.200000000000001,3.100000000000002,133.31942655738058,4.386931846394771,78.65154923831255,33.56606160749418,51,35.294117647058826,100
Volatility 10 Index,2.300000000000001,1.0,-4.151089091402525,-0.21189556968274864,81.15160325958333,51.65771812172303,52,53.84615384615385,100
Volatility 10 Index,2.300000000000001,1.1,-0.4963518385968051,-0.02485805778704881,71.61898834635721,48.368254129274966,52,51.92307692307693,100
Volatility 10 Index,2.300000000000001,1.2000000000000002,21.1769139105034,1.0128706051476621,62.60043037688085,39.726572611368375,52,51.92307692307693,100
Volatility 10 Index,2.300000000000001,1.3000000000000003,10.006121402988178,0.4562944916990605,77.89230516486808,46.51754850521091,52,48.07692307692308,100
Volatility 10 Index,2.300000000000001,1.4000000000000004,-31.947318959439322,-1.5580706779770008,110.85844529597126,71.04330627569462,52,42.30769230769231,100
Volatility 10 Index,2.300000000000001,1.5000000000000004,-14.293668392349174,-0.6696678150045496,104.60371172556007,63.38618928422631,52,42.30769230769231,100
Volatility 10 Index,2.300000000000001,1.6000000000000005,3.3599821747491667,0.15131910491544148,98.34897815514614,56.51961328491979,52,42.30769230769231,100
Volatility 10 Index,2.300000000000001,1.7000000000000006,-1.986656044512717,-0.09272986307806458,115.09453337109244,62.89623418677587,52,40.38461538461539,100
Volatility 10 Index,2.300000000000001,1.8000000000000007,14.815131974933866,0.6675751095479106,109.69166234831937,57.138904297114316,52,40.38461538461539,100
Volatility 10 Index,2.300000000000001,1.9000000000000008,31.61691999438589,1.3760693309948067,104.72980663620001,52.115727131552006,52,40.38461538461539,100
Volatility 10 Index,2.300000000000001,2.000000000000001,48.41870801385156,2.0366253976783213,100.74698203087334,47.988739832751314,52,40.38461538461539,100
Volatility 10 Index,2.300000000000001,2.100000000000001,65.2204960333063,2.652932845901165,96.7641574255467,44.20042103166895,52,40.38461538461539,100
Volatility 10 Index,2.300000000000001,2.200000000000001,82.02228405276107,3.2284629116023367,92.78133282022,40.71072611685894,52,40.38461538461539,100
Volatility 10 Index,2.300000000000001,2.300000000000001,44.227661685555866,1.8076610486251106,88.79850821489347,48.71275831875623,52,36.53846153846153,100
Volatility 10 Index,2.300000000000001,2.4000000000000012,59.37501302662327,2.3561554647977148,84.81568360957228,44.729726209907895,52,36.53846153846153,100
Volatility 10 Index,2.300000000000001,2.5000000000000013,54.82265176204906,2.026251507817503,100.53257160988178,51.04568298482839,51,35.294117647058826,100
Volatility 10 Index,2.300000000000001,2.6000000000000014,69.14726139883112,2.484880997615733,97.37248870884865,47.667496499642304,51,35.294117647058826,100
Volatility 10 Index,2.300000000000001,2.7000000000000015,83.47187103561043,2.9180826614877735,94.21240580782101,44.52329347309437,51,35.294117647058826,100
Volatility 10 Index,2.300000000000001,2.8000000000000016,97.79648067238156,3.3276342059216426,91.05232290678788,41.589577996436745,51,35.294117647058826,100
Volatility 10 Index,2.300000000000001,2.9000000000000017,112.1210903091609,3.715182952265726,87.89224000575749,38.845898122909425,51,35.294117647058826,100
Volatility 10 Index,2.300000000000001,3.0000000000000018,126.44569994593476,4.08225275921342,84.73215710472437,36.27436838994083,51,35.294117647058826,100
Volatility 10 Index,2.300000000000001,3.100000000000002,107.9290405814603,3.4291756890910867,86.49717410212278,40.609229868316476,51,33.33333333333333,100
Volatility 10 Index,2.4000000000000012,1.0,-21.776992265428078,-1.0952751539987398,83.87123818391646,59.401981789950455,52,51.92307692307693,100
Volatility 10 Index,2.4000000000000012,1.1,0.8385893858219902,0.04025104891622154,73.92416175271464,49.093718444361265,52,51.92307692307693,100
Volatility 10 Index,2.4000000000000012,1.2000000000000002,-9.327800152923563,-0.4273095130618555,88.80239385768348,55.31095076015937,52,48.07692307692308,100
Volatility 10 Index,2.4000000000000012,1.3000000000000003,-50.40101167986741,-2.4538038419840222,121.42244751275211,81.17742628134525,52,42.30769230769231,100
Volatility 10 Index,2.4000000000000012,1.4000000000000004,-31.979811088113088,-1.494777435251572,114.89576900449175,72.284350369626,52,42.30769230769231,100
Volatility 10 Index,2.4000000000000012,1.5000000000000004,-13.558610496361508,-0.6087625159879952,108.36909049623411,64.38170085001705,52,42.30769230769231,100
Volatility 10 Index,2.4000000000000012,1.6000000000000005,-18.248811197180856,-0.8460974072867546,124.95381328055282,70.31890122606674,52,40.38461538461539,100
Volatility 10 Index,2.4000000000000012,1.7000000000000006,-0.7165106551448908,-0.03205374895204618,119.31603482200808,63.78182786750298,52,40.38461538461539,100
Volatility 10 Index,2.4000000000000012,1.8000000000000007,16.81578988689652,0.7261816598417595,113.67825636346333,57.868578331988004,52,40.38461538461539,100
Volatility 10 Index,2.4000000000000012,1.9000000000000008,34.348090428927016,1.4326305677177686,108.6311025769046,52.780891745410685,52,40.38461538461539,100
Volatility 10 Index,2.4000000000000012,2.000000000000001,51.88039097098204,2.091184955678724,104.47511168438994,48.55055223754118,52,40.38461538461539,100
Volatility 10 Index,2.4000000000000012,2.100000000000001,69.412691513018,2.7055479808387886,100.31912079187802,44.673357916673616,52,40.38461538461539,100
Volatility 10 Index,2.4000000000000012,2.200000000000001,31.701193402930365,1.2796220180646267,96.16312989936344,53.81540642338511,52,36.53846153846153,100
Volatility 10 Index,2.4000000000000012,2.300000000000001,47.50712523710059,1.8608808089791937,92.00713900684879,49.376625953133114,52,36.53846153846153,100
Volatility 10 Index,2.4000000000000012,2.4000000000000012,43.58926134811587,1.5888552470175161,107.57494383747544,55.45552803998156,51,35.294117647058826,100
Volatility 10 Index,2.4000000000000012,2.5000000000000013,58.536680099537406,2.0734229914009443,104.27746602770404,51.71700757627976,51,35.294117647058826,100
Volatility 10 Index,2.4000000000000012,2.6000000000000014,73.48409885095896,2.5306917135083293,100.97998821792986,48.25168838287338,51,35.294117647058826,100
Volatility 10 Index,2.4000000000000012,2.7000000000000015,88.43151760237777,2.962577486925616,97.68251040815844,45.03067887205147,51,35.294117647058826,100
Volatility 10 Index,2.4000000000000012,2.8000000000000016,103.37893635379658,3.370859197631132,94.38503259838427,42.0290225338426,51,35.294117647058826,100
Volatility 10 Index,2.4000000000000012,2.9000000000000017,118.32635510520996,3.757184567941853,91.08755478861283,39.2250500426511,51,35.294117647058826,100
Volatility 10 Index,2.4000000000000012,3.0000000000000018,99.84045652767816,3.1196217305701666,94.39243133713907,44.308709308897285,51,33.33333333333333,100
Volatility 10 Index,2.4000000000000012,3.100000000000002,113.95204234587473,3.469163528299277,89.42313819351335,40.98732441926522,51,33.33333333333333,100
Volatility 10 Index,2.5000000000000013,1.0,-21.384366943156408,-1.0326718925408256,86.59087310824688,60.42248603935779,52,51.92307692307693,100
Volatility 10 Index,2.5000000000000013,1.1,2.1735306102216896,0.10015988464871553,76.22933515907752,49.79541779350606,52,51.92307692307693,100
Volatility 10 Index,2.5000000000000013,1.2000000000000002,-8.416458492626779,-0.37009429815693784,91.75249360175079,56.10944049801897,52,48.07692307692308,100
Volatility 10 Index,2.5000000000000013,1.3000000000000003,-51.20105383320261,-2.39337486380351,125.73171615912179,82.66803048223167,52,42.30769230769231,100
Volatility 10 Index,2.5000000000000013,1.4000000000000004,-32.012303216786876,-1.4365332703002827,118.93309271301497,73.48082681442183,52,42.30769230769231,100
Volatility 10 Index,2.5000000000000013,1.5000000000000004,-35.97199139502774,-1.6603812940596847,135.28290806155928,78.82719095032375,52,40.38461538461539,100
Volatility 10 Index,2.5000000000000013,1.6000000000000005,-17.70917833040241,-0.7883517596214143,129.41022216724014,71.34629446175914,52,40.38461538461539,100
Volatility 10 Index,2.5000000000000013,1.7000000000000006,0.5536347342229355,0.023778706786865986,123.53753627292372,64.62963552084685,52,40.38461538461539,100
Volatility 10 Index,2.5000000000000013,1.8000000000000007,18.81644779884281,0.7801007586967768,117.6648503786073,58.565795223435856,52,40.38461538461539,100
Volatility 10 Index,2.5000000000000013,1.9000000000000008,37.07926086347085,1.4846603801142426,112.53239851760372,53.415373785874955,52,40.38461538461539,100
Volatility 10 Index,2.5000000000000013,2.000000000000001,55.34207392809072,2.1413671183187635,108.20324133790106,49.08560660767478,52,40.38461538461539,100
Volatility 10 Index,2.5000000000000013,2.100000000000001,44.90698933101226,1.6835484947129435,103.87408415819847,51.54950136548781,52,38.46153846153847,100
Volatility 10 Index,2.5000000000000013,2.200000000000001,34.32207646138591,1.3301010718328197,99.54492697849858,54.569239965699815,52,36.53846153846153,100
Volatility 10 Index,2.5000000000000013,2.300000000000001,31.110252704884587,1.1209517334502228,114.89210588254574,60.34730083390435,51,35.294117647058826,100
Volatility 10 Index,2.5000000000000013,2.4000000000000012,46.680480570951076,1.6335446379503324,111.45723316403601,56.192153120914114,51,35.294117647058826,100
Volatility 10 Index,2.5000000000000013,2.5000000000000013,62.25070843700939,2.1168177584843373,108.02236044552352,52.35784584162041,51,35.294117647058826,100
Volatility 10 Index,2.5000000000000013,2.6000000000000014,77.82093630307588,2.5728316925600727,104.58748772700834,48.808599724707705,51,35.294117647058826,100
Volatility 10 Index,2.5000000000000013,2.7000000000000015,93.39116416913691,3.0035044455537334,101.15261500849584,45.513764840832735,51,35.294117647058826,100
Volatility 10 Index,2.5000000000000013,2.8000000000000016,108.96139203520067,3.4106159202463857,97.71774228998066,42.446933223755465,51,35.294117647058826,100
Volatility 10 Index,2.5000000000000013,2.9000000000000017,90.57590698904039,2.789665171799842,102.70179633413146,48.29841283126834,51,33.33333333333333,100
Volatility 10 Index,2.5000000000000013,3.0000000000000018,105.27547554966475,3.1574636640778038,97.52544930951908,44.737816248285775,51,33.33333333333333,100
Volatility 10 Index,2.5000000000000013,3.100000000000002,119.97504411028368,3.5059357884793543,92.34910228491486,41.34790171839297,51,33.33333333333333,100
Volatility 10 Index,2.6000000000000014,1.0,-20.991741620873825,-0.9748622985397227,89.31050803257185,61.41328769903191,52,51.92307692307693,100
Volatility 10 Index,2.6000000000000014,1.1,-30.391066554997643,-1.3486598190979973,104.26073425389532,67.0088683648761,52,48.07692307692308,100
Volatility 10 Index,2.6000000000000014,1.2000000000000002,-51.57153238615156,-2.4874608213975145,116.7256889479895,80.80485263989601,52,44.230769230769226,100
Volatility 10 Index,2.6000000000000014,1.3000000000000003,-52.001095986526906,-2.3375699784205834,130.04098480548055,84.11012617697584,52,42.30769230769231,100
Volatility 10 Index,2.6000000000000014,1.4000000000000004,-32.04479534546337,-1.3827578457703922,122.97041642153546,74.63509399461998,52,42.30769230769231,100
Volatility 10 Index,2.6000000000000014,1.5000000000000004,-36.16287105082503,-1.6053121567179065,139.97422438401827,80.0235078148124,52,40.38461538461539,100
Volatility 10 Index,2.6000000000000014,1.6000000000000005,-17.16954546361304,-0.7350301350001515,133.86663105393018,72.3327483137005,52,40.38461538461539,100
Volatility 10 Index,2.6000000000000014,1.7000000000000006,1.8237801235989473,0.07532465714622373,127.75903772383663,65.44202498240793,52,40.38461538461539,100
Volatility 10 Index,2.6000000000000014,1.8000000000000007,20.817105710802725,0.8298726278702826,121.65144439374853,59.232673477577904,52,40.38461538461539,100
Volatility 10 Index,2.6000000000000014,1.9000000000000008,39.8104312980147,1.5326818821469883,116.4336944583083,54.02124837156763,52,40.38461538461539,100
Volatility 10 Index,2.6000000000000014,2.000000000000001,29.92071149666277,1.1129638848460268,111.93137099142041,56.874457474910734,52,38.46153846153847,100
Volatility 10 Index,2.6000000000000014,2.100000000000001,19.819866699511984,0.7615302145136394,107.4290475245298,60.39944094670035,52,36.53846153846153,100
Volatility 10 Index,2.6000000000000014,2.200000000000001,17.38562583238523,0.6205810076479419,122.48405774510357,65.79919375408066,51,35.294117647058826,100
Volatility 10 Index,2.6000000000000014,2.300000000000001,33.57866281309121,1.1634359726790187,118.91179011784735,61.15847897653195,51,35.294117647058826,100
Volatility 10 Index,2.6000000000000014,2.4000000000000012,49.77169979379721,1.6747964793880832,115.33952249059658,56.897048024138854,51,35.294117647058826,100
Volatility 10 Index,2.6000000000000014,2.5000000000000013,65.96473677450047,2.156871659064759,111.76725486334304,52.970228351190265,51,35.294117647058826,100
Volatility 10 Index,2.6000000000000014,2.6000000000000014,82.15777375520918,2.611724897664949,108.19498723608955,49.340097841749156,51,35.294117647058826,100
Volatility 10 Index,2.6000000000000014,2.7000000000000015,98.35081073591516,3.0412759170677344,104.62271960883328,45.974256160181895,51,35.294117647058826,100
Volatility 10 Index,2.6000000000000014,2.8000000000000016,80.13539196556883,2.4381102055795054,111.42526909308906,52.60415709647393,51,33.33333333333333,100
Volatility 10 Index,2.6000000000000014,2.9000000000000017,95.42294326860738,2.8256124064960906,106.04186818749541,48.780514585026744,51,33.33333333333333,100
Volatility 10 Index,2.6000000000000014,3.0000000000000018,110.71049457165134,3.192381258868216,100.65846728190454,45.147831673037466,51,33.33333333333333,100
Volatility 10 Index,2.6000000000000014,3.100000000000002,91.8737665477505,2.8105169730296535,95.27506637630832,49.0107889619159,51,31.372549019607842,100
Volatility 10 Index,2.7000000000000015,1.0,-20.599116298604883,-0.9213167261684513,92.03014295690772,62.375664944162104,52,51.92307692307693,100
Volatility 10 Index,2.7000000000000015,1.1,-30.35995373020088,-1.297319358336178,107.48614710982329,67.98624531462694,52,48.07692307692308,100
Volatility 10 Index,2.7000000000000015,1.2000000000000002,-73.52498880557886,-3.3175304351197488,141.69276677364172,96.6665129284457,52,42.30769230769231,100
Volatility 10 Index,2.7000000000000015,1.3000000000000003,-52.80113813986482,-2.2858785681575142,134.35025345185295,85.50604336067673,52,42.30769230769231,100
Volatility 10 Index,2.7000000000000015,1.4000000000000004,-56.077588816420935,-2.486976001294643,151.00804147234794,90.06349131542005,52,40.38461538461539,100
Volatility 10 Index,2.7000000000000015,1.5000000000000004,-36.35375070662505,-1.5542974088978712,144.66554070648544,81.17556309875657,52,40.38461538461539,100
Volatility 10 Index,2.7000000000000015,1.6000000000000005,-16.629912596834593,-0.685643392725986,138.32303994062295,73.28066199810056,52,40.38461538461539,100
Volatility 10 Index,2.7000000000000015,1.7000000000000006,3.093925512958581,0.1230590391702823,131.98053917476318,66.22117029731551,52,40.38461538461539,100
Volatility 10 Index,2.7000000000000015,1.8000000000000007,22.817763622754466,0.8759576185060071,125.63803840889523,59.87115115743803,52,40.38461538461539,100
Volatility 10 Index,2.7000000000000015,1.9000000000000008,13.547467707872563,0.5010074164925952,120.33499039901835,62.871610744961906,52,38.46153846153847,100
Volatility 10 Index,2.7000000000000015,2.000000000000001,4.000495951435148,0.15269867503848547,115.65950064493975,66.98223579406573,52,36.53846153846153,100
Volatility 10 Index,2.7000000000000015,2.100000000000001,21.782169264859256,0.8060083906489112,110.98401089086659,61.22429087197182,52,36.53846153846153,100
Volatility 10 Index,2.7000000000000015,2.200000000000001,19.23122682593599,0.6610937141832767,126.64113688914895,66.69639138114458,51,35.294117647058826,100
Volatility 10 Index,2.7000000000000015,2.300000000000001,36.04707292128148,1.2027760280313153,122.93147435315987,61.93657405549548,51,35.294117647058826,100
Volatility 10 Index,2.7000000000000015,2.4000000000000012,52.86291901662696,1.7129924891973505,119.22181181716533,57.57221969450751,51,35.294117647058826,100
Volatility 10 Index,2.7000000000000015,2.5000000000000013,69.67876511197244,2.1939559974730485,115.51214928117075,53.55600926135424,51,35.294117647058826,100
Volatility 10 Index,2.7000000000000015,2.6000000000000014,86.4946112073261,2.647732455503482,111.80248674517348,49.84788343178243,51,35.294117647058826,100
Volatility 10 Index,2.7000000000000015,2.7000000000000015,68.51891145721709,2.063604615497707,120.5628496140227,57.2559133543637,51,33.33333333333333,100
Volatility 10 Index,2.7000000000000015,2.8000000000000016,84.39444550269434,2.47237747792248,114.97239482744239,53.14188849615892,51,33.33333333333333,100
Volatility 10 Index,2.7000000000000015,2.9000000000000017,100.2699795481607,2.85888613162242,109.3819400408648,49.242017134809416,51,33.33333333333333,100
Volatility 10 Index,2.7000000000000015,3.0000000000000018,81.57307299972888,2.4662726061224975,103.79148525428465,53.68330513620098,51,31.372549019607842,100
Volatility 10 Index,2.7000000000000015,3.100000000000002,96.58429603036018,2.8448144738518426,98.20103046770164,49.53206407176039,51,31.372549019607842,100
Volatility 10 Index,2.8000000000000016,1.0,-0.8412053708627205,-0.03630983371110405,94.74977788123543,56.05719922783725,52,53.84615384615385,100
Volatility 10 Index,2.8000000000000016,1.1,-55.294333581972914,-2.5631892220689076,133.3506862141279,84.24939749712973,52,46.15384615384615,100
Volatility 10 Index,2.8000000000000016,1.2000000000000002,-53.79076681755141,-2.3209429291345143,146.27398035784972,86.04052258337728,52,44.230769230769226,100
Volatility 10 Index,2.8000000000000016,1.3000000000000003,-31.331101846908695,-1.298506848025072,138.6595220982199,76.22446840365285,52,44.230769230769226,100
Volatility 10 Index,2.8000000000000016,1.4000000000000004,-33.760638268251746,-1.4296633827444813,155.9342652305868,80.45603590562405,52,42.30769230769231,100
Volatility 10 Index,2.8000000000000016,1.5000000000000004,-12.338023355593746,-0.5042260268916355,149.35685702894716,72.60322627576662,52,42.30769230769231,100
Volatility 10 Index,2.8000000000000016,1.6000000000000005,9.08459155705333,0.35838014832657733,142.779448827313,65.60949428298119,52,42.30769230769231,100
Volatility 10 Index,2.8000000000000016,1.7000000000000006,30.507206469703103,1.1621216471871472,136.2020406256788,59.34117957879261,52,42.30769230769231,100
Volatility 10 Index,2.8000000000000016,1.8000000000000007,51.929821382363805,1.911026054392708,129.6246324240446,53.69098226059344,52,42.30769230769231,100
Volatility 10 Index,2.8000000000000016,1.9000000000000008,14.943628345115727,0.5607630321305297,124.31498230144169,63.75106729538078,52,38.46153846153847,100
Volatility 10 Index,2.8000000000000016,2.000000000000001,34.352146431901716,1.2502248237540117,119.38763029845906,58.291501600224635,52,38.46153846153847,100
Volatility 10 Index,2.8000000000000016,2.100000000000001,33.65436529796112,1.1367446692150236,134.6452734779272,62.71297244025027,51,37.254901960784316,100
Volatility 10 Index,2.8000000000000016,2.200000000000001,52.061284788226985,1.7070989969807504,130.79821603319158,58.23859134932617,51,37.254901960784316,100
Volatility 10 Index,2.8000000000000016,2.300000000000001,70.4682042784874,2.244260826069766,126.95115858845871,54.14163448137585,51,37.254901960784316,100
Volatility 10 Index,2.8000000000000016,2.4000000000000012,88.87512376875327,2.7505262244648754,123.10410114372306,50.376279555592475,51,37.254901960784316,100
Volatility 10 Index,2.8000000000000016,2.5000000000000013,107.2820432590164,3.228049073704456,119.25704369898747,46.903833364832906,51,37.254901960784316,100
Volatility 10 Index,2.8000000000000016,2.6000000000000014,90.5839795538817,2.6744200117172094,130.11453789691868,53.380838576666235,51,35.294117647058826,100
Volatility 10 Index,2.8000000000000016,2.7000000000000015,108.01576062204583,3.1020567256123774,124.31702922935716,49.585689526297024,51,35.294117647058826,100
Volatility 10 Index,2.8000000000000016,2.8000000000000016,125.44754169020726,3.506240556476701,118.51952056179837,45.995673669830815,51,35.294117647058826,100
Volatility 10 Index,2.8000000000000016,2.9000000000000017,107.92274393565492,3.1823781008653014,112.72201189422876,49.07728700652612,51,33.33333333333333,100
Volatility 10 Index,2.8000000000000016,3.0000000000000018,124.45820246990425,3.575590184742962,106.92450322666997,45.35500304973169,51,33.33333333333333,100
Volatility 10 Index,2.8000000000000016,3.100000000000002,98.56689168005815,2.9746102754397965,101.16353039242426,41.83462230900967,51,31.372549019607842,100
Volatility 10 Index,2.9000000000000017,1.0,-14.472953953575795,-0.5857276663183082,104.85395611524419,61.021429249591485,52,51.92307692307693,100
Volatility 10 Index,2.9000000000000017,1.1,-55.500143002630644,-2.4842449767125965,136.72993680022353,85.08121755913413,52,46.15384615384615,100
Volatility 10 Index,2.9000000000000017,1.2000000000000002,-31.173621769787324,-1.3399015408045083,127.43123579367513,73.70575327940007,52,46.15384615384615,100
Volatility 10 Index,2.9000000000000017,1.3000000000000003,-31.551114418594082,-1.380057681719447,143.18412110745885,77.30467649102674,52,44.230769230769226,100
Volatility 10 Index,2.9000000000000017,1.4000000000000004,-8.298680745826642,-0.35025624183251425,135.30708009966838,68.49285514944242,52,44.230769230769226,100
Volatility 10 Index,2.9000000000000017,1.5000000000000004,14.953752926948987,0.6090190184214314,127.43003909188064,60.71628412847355,52,44.230769230769226,100
Volatility 10 Index,2.9000000000000017,1.6000000000000005,38.206186599719146,1.5017472251379322,119.55299808409016,53.802647220600754,52,44.230769230769226,100
Volatility 10 Index,2.9000000000000017,1.7000000000000006,61.45862027248928,2.3321794147618524,111.67595707630241,47.615860392735705,52,44.230769230769226,100
Volatility 10 Index,2.9000000000000017,1.8000000000000007,54.64306310486496,1.9796463119827898,103.7989160685147,47.87863655019085,52,42.30769230769231,100
Volatility 10 Index,2.9000000000000017,1.9000000000000008,47.468650812786805,1.7671018218263108,97.26054653937173,48.949000650830236,52,40.38461538461539,100
Volatility 10 Index,2.9000000000000017,2.000000000000001,48.82661569797834,1.678356790140734,110.98243877275527,53.11680258619932,51,39.21568627450981,100
Volatility 10 Index,2.9000000000000017,2.100000000000001,68.95565054042558,2.299426973341563,105.93326104889947,48.33096496436034,51,39.21568627450981,100
Volatility 10 Index,2.9000000000000017,2.200000000000001,89.08468538286195,2.8832257470570783,100.88408332503818,43.972452108214846,51,39.21568627450981,100
Volatility 10 Index,2.9000000000000017,2.300000000000001,109.21372022530375,3.43234812262796,95.83490560118508,39.98647660245961,51,39.21568627450981,100
Volatility 10 Index,2.9000000000000017,2.4000000000000012,129.34275506773736,3.949239563856803,90.78572787732924,36.327232919431694,51,39.21568627450981,100
Volatility 10 Index,2.9000000000000017,2.5000000000000013,114.12302210925318,3.408358055907403,102.81494597844366,42.506028743508665,51,37.254901960784316,100
Volatility 10 Index,2.9000000000000017,2.6000000000000014,133.24209215737883,3.8677154496428683,95.74565805951354,38.43728672485946,51,37.254901960784316,100
Volatility 10 Index,2.9000000000000017,2.7000000000000015,152.3611622055072,4.300962516098795,90.3201093982997,35.238848361562056,51,37.254901960784316,100
Volatility 10 Index,2.9000000000000017,2.8000000000000016,136.20353824022496,4.051193689348337,88.29999920322547,38.68663084962575,51,35.294117647058826,100
Volatility 10 Index,2.9000000000000017,2.9000000000000017,154.39427423536964,4.470793005186874,86.27988900815663,36.78866544743954,51,35.294117647058826,100
Volatility 10 Index,2.9000000000000017,3.0000000000000018,129.7147555127771,3.931065975014367,84.25977881308509,34.989758449295024,51,33.33333333333333,100
Volatility 10 Index,2.9000000000000017,3.100000000000002,146.8337351399836,4.340648889772775,82.23966861801082,33.282352015962495,51,33.33333333333333,100
Volatility 25 Index,1.0,1.0,-1.7911533109145255,-0.5114048988029067,11.452237532371782,10.650665881948598,75,56.00000000000001,100
Volatility 25 Index,1.0,1.1,-13.373340123987875,-3.4725589154703833,18.421232992810914,17.94404233445746,75,48.0,100
Volatility 25 Index,1.0,1.2000000000000002,-8.33030620645695,-2.058374733219928,17.002110529967467,16.03522920991675,75,48.0,100
Volatility 25 Index,1.0,1.3000000000000003,-6.448437726723567,-1.5681001540169144,18.744153504922465,17.133574030868754,75,46.666666666666664,100
Volatility 25 Index,1.0,1.4000000000000004,-5.171141085711952,-1.1669678445833929,21.090768318598293,18.70237370607055,75,45.33333333333333,100
Volatility 25 Index,1.0,1.5000000000000004,-7.76320268368272,-1.8484279972986788,20.662263572442043,18.992015776970778,75,42.66666666666667,100
Volatility 25 Index,1.0,1.6000000000000005,-14.69807958439742,-3.399913420063287,25.9598391861894,24.124974908631973,75,38.666666666666664,100
Volatility 25 Index,1.0,1.7000000000000006,-14.87622802000351,-3.442005854611567,25.0988178795469,23.60842127492193,75,37.333333333333336,100
Volatility 25 Index,1.0,1.8000000000000007,-11.009530821035696,-2.4538355132142513,23.751331964323327,21.87476330568848,75,37.333333333333336,100
Volatility 25 Index,1.0,1.9000000000000008,-9.323356405643427,-2.011441001563568,24.827601136965853,22.349564166006974,74,36.486486486486484,100
Volatility 25 Index,1.0,2.000000000000001,-13.97851019652153,-3.1012144410270595,23.850161530987933,22.670926377268348,74,33.78378378378378,100
Volatility 25 Index,1.0,2.100000000000001,-15.08932041786084,-3.2603916450778825,22.872721925010936,22.23679956853225,74,32.432432432432435,100
Volatility 25 Index,1.0,2.200000000000001,-16.717201216379458,-3.4512199847766327,25.72517257001644,24.77604241021876,74,31.08108108108108,100
Volatility 25 Index,1.0,2.300000000000001,-21.853805314833878,-4.401172491322116,32.77332486156001,31.258680685060806,74,28.37837837837838,100
Volatility 25 Index,1.0,2.4000000000000012,-23.97702365140303,-4.974751850630299,34.23781396957136,33.15980630384212,74,27.027027027027028,100
Volatility 25 Index,1.0,2.5000000000000013,-21.21811349314912,-4.290603328973444,32.703715529258986,31.585610440448043,74,27.027027027027028,100
Volatility 25 Index,1.0,2.6000000000000014,-18.459203334896117,-3.6386736986354755,31.16961708894796,30.020177054119344,74,27.027027027027028,100
Volatility 25 Index,1.0,2.7000000000000015,-15.700293176642667,-3.0175504906647,29.635518648635113,28.463433185790382,74,27.027027027027028,100
Volatility 25 Index,1.0,2.8000000000000016,-18.73106315336127,-3.75306314911008,29.83606867006354,28.57673856162264,74,25.675675675675674,100
Volatility 25 Index,1.0,2.9000000000000017,-16.124512998660343,-3.153842051549734,28.23997682383768,26.85332773720394,74,25.675675675675674,100
Volatility 25 Index,1.0,3.0000000000000018,-13.517962843956688,-2.581611294811149,26.753666337512456,25.232042402395788,74,25.675675675675674,100
Volatility 25 Index,1.0,3.100000000000002,-10.911412689256213,-2.03513124483709,26.01157994729536,24.1650151502395,74,25.675675675675674,100
Volatility 25 Index,1.1,1.0,-5.331933914231104,-1.4092266577676675,15.253759382944097,14.60132696331601,74,54.054054054054056,100
Volatility 25 Index,1.1,1.1,-2.1939083247892057,-0.5566223131317193,14.751924062210307,13.598421454132865,74,52.702702702702695,100
Volatility 25 Index,1.1,1.2000000000000002,0.4768787009454205,0.1183649379791644,17.576184549942624,15.623700993908713,74,51.35135135135135,100
Volatility 25 Index,1.1,1.3000000000000003,-0.9607416491960945,-0.2316256213238832,21.05036336542007,18.619946942863063,74,48.64864864864865,100
Volatility 25 Index,1.1,1.4000000000000004,0.630780792507903,0.14922292366294568,20.86601108575887,18.46889743972484,74,47.2972972972973,100
Volatility 25 Index,1.1,1.5000000000000004,-5.822617644197912,-1.3019943330405646,22.428489929686293,20.235749878798174,74,43.24324324324324,100
Volatility 25 Index,1.1,1.6000000000000005,-5.379714634280209,-1.1859107348086773,22.24413765002555,20.261928539081918,74,41.891891891891895,100
Volatility 25 Index,1.1,1.7000000000000006,-6.650531341465107,-1.4721890032787044,23.99917351714076,21.236688283590677,73,39.726027397260275,100
Volatility 25 Index,1.1,1.8000000000000007,-10.830505430939048,-2.42145794486078,23.06425462150544,21.432326634854913,73,36.986301369863014,100
Volatility 25 Index,1.1,1.9000000000000008,-11.40295410824465,-2.451768702597678,22.129335725871968,20.910641506959305,73,35.61643835616438,100
Volatility 25 Index,1.1,2.000000000000001,-12.528905788971862,-2.535683689401203,21.50672853138211,20.781781411381296,73,34.24657534246575,100
Volatility 25 Index,1.1,2.100000000000001,-17.301123556159016,-3.650818900409027,27.277769110567974,26.366088388113297,73,31.506849315068493,100
Volatility 25 Index,1.1,2.200000000000001,-18.986129458463985,-4.122149833374078,29.554722817353465,28.688250933188385,73,30.136986301369863,100
Volatility 25 Index,1.1,2.300000000000001,-15.626269249452978,-3.2996455017654673,27.542155498077406,26.65245088170482,73,30.136986301369863,100
Volatility 25 Index,1.1,2.4000000000000012,-17.44063930050297,-3.4567691778438134,30.7038184388646,29.620867242018612,73,28.767123287671232,100
Volatility 25 Index,1.1,2.5000000000000013,-14.232962334434522,-2.7453639978195747,28.843434362530658,27.741030467597177,73,28.767123287671232,100
Volatility 25 Index,1.1,2.6000000000000014,-17.058741509020454,-3.4241894362894434,28.446233172833487,27.27562322576048,73,27.397260273972602,100
Volatility 25 Index,1.1,2.7000000000000015,-14.018660546857607,-2.7419141157821345,26.14522552368571,24.993129629057353,73,27.397260273972602,100
Volatility 25 Index,1.1,2.8000000000000016,-10.978579584696583,-2.0927942817494896,24.003458378646883,22.84156278276371,73,27.397260273972602,100
Volatility 25 Index,1.1,2.9000000000000017,-7.938498622535552,-1.4752373543234485,23.28065861736094,21.76111519046548,73,27.397260273972602,100
Volatility 25 Index,1.1,3.0000000000000018,-10.289142815728699,-1.9252713482564312,26.362554363234267,24.63938090524641,73,26.027397260273972,100
Volatility 25 Index,1.1,3.100000000000002,-7.3838299824507,-1.3490311745256869,25.272475777238014,23.411933738413293,73,26.027397260273972,100
Volatility 25 Index,1.2000000000000002,1.0,-1.0005716189723886,-0.22722229323439902,16.38591932684885,15.50602688440746,74,55.4054054054054,100
Volatility 25 Index,1.2000000000000002,1.1,-0.8672773092292105,-0.19329011314826652,19.302000397343633,17.538700044681402,74,52.702702702702695,100
Volatility 25 Index,1.2000000000000002,1.2000000000000002,-1.9166051964519306,-0.41108820160092496,22.910598885543365,20.67292798942917,74,50.0,100
Volatility 25 Index,1.2000000000000002,1.3000000000000003,-3.709029707479935,-0.7538952521709922,24.59693944255467,22.58066707058163,74,47.2972972972973,100
Volatility 25 Index,1.2000000000000002,1.4000000000000004,-10.659163234429617,-2.1235910686279307,24.395827864742827,23.363757857137855,74,43.24324324324324,100
Volatility 25 Index,1.2000000000000002,1.5000000000000004,-5.335335285426757,-1.0164935441869258,24.194716286930998,22.415850807176856,74,43.24324324324324,100
Volatility 25 Index,1.2000000000000002,1.6000000000000005,-10.390739010904873,-2.0734614130982028,23.99360470911914,22.35667897636422,73,39.726027397260275,100
Volatility 25 Index,1.2000000000000002,1.7000000000000006,-15.086427878997348,-3.091606581114002,24.297735860026293,23.90714849434996,73,36.986301369863014,100
Volatility 25 Index,1.2000000000000002,1.8000000000000007,-15.770671175187182,-3.020456106729126,26.62528466848225,26.108202586857278,73,35.61643835616438,100
Volatility 25 Index,1.2000000000000002,1.9000000000000008,-20.199936154640998,-3.9809214875111265,32.697855160203105,31.954184830215294,73,32.87671232876712,100
Volatility 25 Index,1.2000000000000002,2.000000000000001,-21.50952907043038,-4.313504150403636,35.650753588259064,34.722256591782184,73,31.506849315068493,100
Volatility 25 Index,1.2000000000000002,2.100000000000001,-17.67069557349996,-3.442197752822821,33.45522560359477,32.47423243878724,73,31.506849315068493,100
Volatility 25 Index,1.2000000000000002,2.200000000000001,-19.144440739306084,-3.496581237305172,36.57227628166882,35.38079187187919,73,30.136986301369863,100
Volatility 25 Index,1.2000000000000002,2.300000000000001,-15.47162532558659,-2.7464672887612056,34.542766380214545,33.30567076802538,73,30.136986301369863,100
Volatility 25 Index,1.2000000000000002,2.4000000000000012,-18.01509805678288,-3.2849100092977137,32.95368382477234,31.667618706122735,73,28.767123287671232,100
Volatility 25 Index,1.2000000000000002,2.5000000000000013,-14.52511464732206,-2.5775290938507753,30.48407464662195,29.197095007748224,73,28.767123287671232,100
Volatility 25 Index,1.2000000000000002,2.6000000000000014,-11.035131237864881,-1.906204186376608,28.454236675851277,27.162738139039416,73,28.767123287671232,100
Volatility 25 Index,1.2000000000000002,2.7000000000000015,-7.545147828406333,-1.2690919787063992,26.424726774397,25.14211754353705,73,28.767123287671232,100
Volatility 25 Index,1.2000000000000002,2.8000000000000016,-9.641915943589172,-1.6173322520210487,30.41023076570309,28.722370429368286,73,27.397260273972602,100
Volatility 25 Index,1.2000000000000002,2.9000000000000017,-6.298952311094216,-1.0304728654099429,29.2210541264335,27.330712709792998,73,27.397260273972602,100
Volatility 25 Index,1.2000000000000002,3.0000000000000018,-9.15139764984642,-1.3842100788229554,34.22728645841062,31.704664640576286,73,26.027397260273972,100
Volatility 25 Index,1.2000000000000002,3.100000000000002,-12.371604246185232,-1.7467720165559095,36.67694556522501,33.64959047905496,73,24.65753424657534,100
Volatility 25 Index,1.3000000000000003,1.0,-0.8906396442727791,-0.19191981475072903,21.09157063522052,19.388455871936266,71,54.929577464788736,100
Volatility 25 Index,1.3000000000000003,1.1,2.0875893874493148,0.4094211732224801,24.804353001967968,21.848571896036137,71,53.52112676056338,100
Volatility 25 Index,1.3000000000000003,1.2000000000000002,0.7090767896509487,0.13034098557717366,26.614555272063626,23.760135617635505,71,50.70422535211267,100
Volatility 25 Index,1.3000000000000003,1.3000000000000003,-6.055532301784483,-1.0670856465999798,26.40160376337954,24.51705413798151,71,46.478873239436616,100
Volatility 25 Index,1.3000000000000003,1.4000000000000004,-0.1014711681356939,-0.017078744701613673,26.178813520137737,23.442771309524773,71,46.478873239436616,100
Volatility 25 Index,1.3000000000000003,1.5000000000000004,-4.902588860735712,-0.8573942501977291,25.960942644175248,23.313438312309792,70,42.857142857142854,100
Volatility 25 Index,1.3000000000000003,1.6000000000000005,-9.41971460990272,-1.6495206497062425,25.743071768212303,24.468784485393044,70,40.0,100
Volatility 25 Index,1.3000000000000003,1.7000000000000006,-9.773690229064876,-1.5969679867915014,26.49265747575629,25.427232879350747,70,38.57142857142858,100
Volatility 25 Index,1.3000000000000003,1.8000000000000007,-14.058714305170724,-2.3091688336944,33.68792592873871,31.87518071363028,70,35.714285714285715,100
Volatility 25 Index,1.3000000000000003,1.9000000000000008,-15.098532834344955,-2.65685743261249,33.04196858954137,32.208442969537124,70,34.285714285714285,100
Volatility 25 Index,1.3000000000000003,2.000000000000001,-16.14880339478714,-2.6607859857739977,35.88122863668704,34.84846834033718,70,32.857142857142854,100
Volatility 25 Index,1.3000000000000003,2.100000000000001,-11.983339174363213,-1.9164202118076268,34.38116943336972,32.990407959090355,70,32.857142857142854,100
Volatility 25 Index,1.3000000000000003,2.200000000000001,-14.156051101696452,-2.363418599062699,32.93362331578355,31.210714832688897,70,31.428571428571427,100
Volatility 25 Index,1.3000000000000003,2.300000000000001,-10.188654885890177,-1.652379875045463,31.486077198197833,29.474490523319602,70,31.428571428571427,100
Volatility 25 Index,1.3000000000000003,2.4000000000000012,-6.221258670082993,-0.9804441455176793,30.038531080611676,27.780161663734397,70,31.428571428571427,100
Volatility 25 Index,1.3000000000000003,2.5000000000000013,-2.253862454276719,-0.34529743969970217,28.59098496302596,26.126229912839662,70,31.428571428571427,100
Volatility 25 Index,1.3000000000000003,2.6000000000000014,-4.020237540074055,-0.6076388547566497,32.87721014704522,29.689019816224143,70,30.0,100
Volatility 25 Index,1.3000000000000003,2.7000000000000015,-0.21211274931238933,-0.031222230589522046,31.588935454504565,28.193529390231337,70,30.0,100
Volatility 25 Index,1.3000000000000003,2.8000000000000016,-9.21443130171793,-1.1994074036946907,39.01671076746189,34.42211466985821,70,27.142857142857142,100
Volatility 25 Index,1.3000000000000003,2.9000000000000017,-5.743423441038439,-0.72975984701668,37.53400281089844,32.737216290454754,70,27.142857142857142,100
Volatility 25 Index,1.3000000000000003,3.0000000000000018,-2.2724155803584924,-0.28194755599887006,36.05129485433454,31.090230350681463,70,27.142857142857142,100
Volatility 25 Index,1.3000000000000003,3.100000000000002,1.198592280319179,0.14527284397676118,34.56858689777246,29.479891466968883,70,27.142857142857142,100
Volatility 25 Index,1.4000000000000004,1.0,5.866911737758522,1.051412238600261,22.913056578047687,19.70683198300349,70,57.14285714285714,100
Volatility 25 Index,1.4000000000000004,1.1,11.037344981398554,1.8694351117271126,22.48749794710129,19.187854625235914,71,56.33802816901409,100
Volatility 25 Index,1.4000000000000004,1.2000000000000002,3.036299517506893,0.48748441426864164,24.23063347344896,21.366773661627594,70,51.42857142857142,100
Volatility 25 Index,1.4000000000000004,1.3000000000000003,5.636230192136269,0.8607210091674307,28.196429349646678,23.91286895103666,70,50.0,100
Volatility 25 Index,1.4000000000000004,1.4000000000000004,-0.8623218819385441,-0.13557168153091337,27.961799175533088,23.701869077075013,68,45.588235294117645,100
Volatility 25 Index,1.4000000000000004,1.5000000000000004,-5.100538462210455,-0.7888338333249992,27.727169001419043,24.76124664596078,68,42.64705882352941,100
Volatility 25 Index,1.4000000000000004,1.6000000000000005,-5.051989980974769,-0.7430373078162447,27.492538827305452,24.932029993151787,68,41.17647058823529,100
Volatility 25 Index,1.4000000000000004,1.7000000000000006,-14.990607738776003,-2.585274647461313,30.72263811916737,30.108604410109695,68,36.76470588235294,100
Volatility 25 Index,1.4000000000000004,1.8000000000000007,-10.108436995892685,-1.684422473413349,29.118549765848172,28.05378631968063,68,36.76470588235294,100
Volatility 25 Index,1.4000000000000004,1.9000000000000008,-10.84321140163511,-1.6809400543318285,30.428449907232064,29.585695798014928,68,35.294117647058826,100
Volatility 25 Index,1.4000000000000004,2.000000000000001,-12.553848571677555,-2.0083991258668004,28.696375187805444,27.530249279649173,68,33.82352941176471,100
Volatility 25 Index,1.4000000000000004,2.100000000000001,-8.078669597512636,-1.2512458043771153,28.41465924350649,26.514223464122864,68,33.82352941176471,100
Volatility 25 Index,1.4000000000000004,2.200000000000001,-3.6034906233472643,-0.5406186009384537,28.1800290693929,25.595075239871573,68,33.82352941176471,100
Volatility 25 Index,1.4000000000000004,2.300000000000001,0.8716883508181077,0.12674737450821377,27.945398895278856,24.723608847691708,68,33.82352941176471,100
Volatility 25 Index,1.4000000000000004,2.4000000000000012,-0.4849171612669174,-0.0689208652501682,27.710768721165266,25.161584566026,68,32.35294117647059,100
Volatility 25 Index,1.4000000000000004,2.5000000000000013,3.8187387397723747,0.5271715742411759,27.47613854705122,24.338527219462133,68,32.35294117647059,100
Volatility 25 Index,1.4000000000000004,2.6000000000000014,-4.947369417805114,-0.601766464750235,33.11348597204913,29.607489024634802,68,29.411764705882355,100
Volatility 25 Index,1.4000000000000004,2.7000000000000015,-1.0067625183938649,-0.11927841843959756,31.314125123223675,27.651287805412185,68,29.411764705882355,100
Volatility 25 Index,1.4000000000000004,2.8000000000000016,2.9338443810182966,0.3387355540622021,29.514764274399113,25.743029396683536,68,29.411764705882355,100
Volatility 25 Index,1.4000000000000004,2.9000000000000017,6.874451280429547,0.7738489274307229,28.54438894431796,24.420831052165784,68,29.411764705882355,100
Volatility 25 Index,1.4000000000000004,3.0000000000000018,2.906978031641664,0.31718433301111826,35.827749821128506,29.99016448344972,68,27.941176470588236,100
Volatility 25 Index,1.4000000000000004,3.100000000000002,-1.887096772306995,-0.20791828237172288,35.40073255344514,31.187982372838647,68,26.47058823529412,100
Volatility 25 Index,1.5000000000000004,1.0,13.223641458212832,2.1650035314897016,23.862340348317872,19.589737885257403,71,59.154929577464785,100
Volatility 25 Index,1.5000000000000004,1.1,6.142354264858101,0.9688413522049326,23.61095087605318,20.199659244362493,70,54.285714285714285,100
Volatility 25 Index,1.5000000000000004,1.2000000000000002,8.945833418905282,1.371015442939138,23.359561403788476,19.92503323270732,70,52.85714285714286,100
Volatility 25 Index,1.5000000000000004,1.3000000000000003,-1.5620162744127022,-0.2445306796222473,25.353833969013607,21.959268362300595,68,47.05882352941176,100
Volatility 25 Index,1.5000000000000004,1.4000000000000004,-5.447402783421795,-0.8335229355606826,25.10244449674846,22.884704277467627,68,44.11764705882353,100
Volatility 25 Index,1.5000000000000004,1.5000000000000004,-4.950498926020929,-0.7172101102303762,24.85105502448377,22.945291959587166,68,42.64705882352941,100
Volatility 25 Index,1.5000000000000004,1.6000000000000005,-14.77496865679596,-2.506295000190331,29.809353997282585,29.279755960401708,68,38.23529411764706,100
Volatility 25 Index,1.5000000000000004,1.7000000000000006,-14.933879224072008,-2.344725387434104,32.03248320306119,31.329998797924098,68,36.76470588235294,100
Volatility 25 Index,1.5000000000000004,1.8000000000000007,-9.69720208700219,-1.4720572886178802,28.86002470449438,28.10794910542479,68,36.76470588235294,100
Volatility 25 Index,1.5000000000000004,1.9000000000000008,-11.08818510443971,-1.7341400889850225,26.237056678170845,25.445910916643676,68,35.294117647058826,100
Volatility 25 Index,1.5000000000000004,2.000000000000001,-6.080047972697323,-0.9202582026596426,24.068020307639642,22.901095342783307,68,35.294117647058826,100
Volatility 25 Index,1.5000000000000004,2.100000000000001,-1.0719108409563027,-0.1570916985911274,23.603328318809588,21.807134897998075,68,35.294117647058826,100
Volatility 25 Index,1.5000000000000004,2.200000000000001,-1.944564787786117,-0.27714149478949196,24.56484041942339,22.974249999048826,68,33.82352941176471,100
Volatility 25 Index,1.5000000000000004,2.300000000000001,2.8797976227505337,0.398293410691622,22.839939246365333,21.027262456113476,68,33.82352941176471,100
Volatility 25 Index,1.5000000000000004,2.4000000000000012,1.1215380013385534,0.14215995726049208,27.31377631850218,24.84562209120173,68,32.35294117647059,100
Volatility 25 Index,1.5000000000000004,2.5000000000000013,-1.0858151172370558,-0.12743457875675251,29.298176371155932,26.29071342132988,68,30.88235294117647,100
Volatility 25 Index,1.5000000000000004,2.6000000000000014,3.349566220127503,0.382768389158595,27.156987230848245,24.044529019154652,68,30.88235294117647,100
Volatility 25 Index,1.5000000000000004,2.7000000000000015,7.784947557489335,0.8666148711964569,25.015798090542845,21.857430400970674,68,30.88235294117647,100
Volatility 25 Index,1.5000000000000004,2.8000000000000016,4.171033029721817,0.4487375510598192,32.08606652624047,27.396517232119578,68,29.411764705882355,100
Volatility 25 Index,1.5000000000000004,2.9000000000000017,-0.3059895642341868,-0.03308845136820341,31.62854802515149,28.393432887215038,68,27.941176470588236,100
Volatility 25 Index,1.5000000000000004,3.0000000000000018,-4.988313637609818,-0.5580187543510868,35.74796371689534,32.48572042206227,68,26.47058823529412,100
Volatility 25 Index,1.5000000000000004,3.100000000000002,-17.402529313531517,-1.8682291764823826,47.21961872083265,43.5964767131547,68,23.52941176470588,100
Volatility 25 Index,1.6000000000000005,1.0,-0.9812985870721727,-0.152950314452713,25.293163038205336,22.43529211361506,70,54.285714285714285,100
Volatility 25 Index,1.6000000000000005,1.1,2.2579927547576397,0.34088338186235095,25.02501426778953,22.075725345253826,70,52.85714285714286,100
Volatility 25 Index,1.6000000000000005,1.2000000000000002,-7.936858896787826,-1.2187489072264561,27.138905004029397,24.257311181310275,68,47.05882352941176,100
Volatility 25 Index,1.6000000000000005,1.3000000000000003,-11.609530041938896,-1.7348067433751206,26.870756233613605,25.302272817541283,68,44.11764705882353,100
